AccountId,Type,Email
3165218357,OPERATIONS,COI@loto-quebec.com
3165218357,SECURITY,COI@loto-quebec.com
3165218357,BILLING,Courtageinfo@loto-quebec.com
44630966503,OPERATIONS,LQ-SupportReseau-Operations@loto-quebec.com
44630966503,SECURITY,LQ-SupportReseau-Operations@loto-quebec.com
44630966503,BILLING,Courtageinfo@loto-quebec.com
51679553142,SECURITY,LQ-SupportReseau-Operations@loto-quebec.com
51679553142,OPERATIONS,LQ-SupportReseau-Operations@loto-quebec.com
51679553142,BILLING,Courtageinfo@loto-quebec.com
52333143377,OPERATIONS,LQ-SupportReseau-Operations@loto-quebec.com
52333143377,SECURITY,LQ-SupportReseau-Operations@loto-quebec.com
52333143377,BILLING,Courtageinfo@loto-quebec.com
142130911085,BILLING,Courtageinfo@loto-quebec.com
142130911085,SECURITY,SUPPINTERGICIEL@loto-quebec.com
142130911085,OPERATIONS,SUPPINTERGICIEL@loto-quebec.com
146510149539,BILLING,Courtageinfo@loto-quebec.com
146510149539,OPERATIONS,DirCorpoS.I.DCSI@loto-quebec.com
146510149539,SECURITY,DirCorpoS.I.DCSI@loto-quebec.com
217181078411,BILLING,Courtageinfo@loto-quebec.com
217181078411,SECURITY,SUPPINTERGICIEL@loto-quebec.com
217181078411,OPERATIONS,SUPPINTERGICIEL@loto-quebec.com
259472199178,SECURITY,COI@loto-quebec.com
259472199178,BILLING,Courtageinfo@loto-quebec.com
259472199178,OPERATIONS,COI@loto-quebec.com
276798306385,OPERATIONS,LQ-SupportReseau-Operations@loto-quebec.com
276798306385,BILLING,Courtageinfo@loto-quebec.com
276798306385,SECURITY,LQ-SupportReseau-Operations@loto-quebec.com
282294520262,SECURITY,LQ-SupportReseau-Operations@loto-quebec.com
282294520262,OPERATIONS,LQ-SupportReseau-Operations@loto-quebec.com
282294520262,BILLING,Courtageinfo@loto-quebec.com
288229268117,SECURITY,LQ-PIA@loto-quebec.com
288229268117,OPERATIONS,LQ-PIA@loto-quebec.com
288229268117,BILLING,Courtageinfo@loto-quebec.com
357014710430,SECURITY,LQ-SupportReseau-Operations@loto-quebec.com
357014710430,OPERATIONS,LQ-SupportReseau-Operations@loto-quebec.com
357014710430,BILLING,Courtageinfo@loto-quebec.com
366093443495,BILLING,Courtageinfo@loto-quebec.com
366093443495,OPERATIONS,LQ-PIA@loto-quebec.com
366093443495,SECURITY,LQ-PIA@loto-quebec.com
393378188893,OPERATIONS,LQ-SupportReseau-Operations@loto-quebec.com
393378188893,BILLING,Courtageinfo@loto-quebec.com
393378188893,SECURITY,LQ-SupportReseau-Operations@loto-quebec.com
408882611110,OPERATIONS,COI@loto-quebec.com
408882611110,SECURITY,COI@loto-quebec.com
408882611110,BILLING,Courtageinfo@loto-quebec.com
456865341053,SECURITY,DirCorpoS.I.DCSI@loto-quebec.com
456865341053,OPERATIONS,LQ-PIA@loto-quebec.com
456865341053,BILLING,Courtageinfo@loto-quebec.com
542406716070,BILLING,Courtageinfo@loto-quebec.com
542406716070,SECURITY,LQ-PIA@loto-quebec.com
542406716070,OPERATIONS,LQ-PIA@loto-quebec.com
558580691549,SECURITY,LQ-PIA@loto-quebec.com
558580691549,OPERATIONS,LQ-PIA@loto-quebec.com
558580691549,BILLING,Courtageinfo@loto-quebec.com
571040884346,BILLING,Courtageinfo@loto-quebec.com
571040884346,OPERATIONS,LQ-SupportReseau-Operations@loto-quebec.com
571040884346,SECURITY,LQ-SupportReseau-Operations@loto-quebec.com
573493186862,SECURITY,DirCorpoS.I.DCSI@loto-quebec.com
573493186862,OPERATIONS,COI@loto-quebec.com
573493186862,BILLING,Courtageinfo@loto-quebec.com
578940151851,OPERATIONS,SUPPINTERGICIEL@loto-quebec.com
578940151851,SECURITY,SUPPINTERGICIEL@loto-quebec.com
578940151851,BILLING,Courtageinfo@loto-quebec.com
580876774891,SECURITY,SUPPINTERGICIEL@loto-quebec.com
580876774891,OPERATIONS,SUPPINTERGICIEL@loto-quebec.com
580876774891,BILLING,Courtageinfo@loto-quebec.com
616328059817,SECURITY,DirCorpoS.I.DCSI@loto-quebec.com
616328059817,BILLING,Courtageinfo@loto-quebec.com
616328059817,OPERATIONS,LQ-PIA@loto-quebec.com
676964229980,OPERATIONS,DirCorpoS.I.DCSI@loto-quebec.com
676964229980,SECURITY,DirCorpoS.I.DCSI@loto-quebec.com
676964229980,BILLING,Courtageinfo@loto-quebec.com
703062870761,BILLING,Courtageinfo@loto-quebec.com
703062870761,OPERATIONS,LQ-PIA@loto-quebec.com
703062870761,SECURITY,DirCorpoS.I.DCSI@loto-quebec.com
707918204123,OPERATIONS,LQ-PIA@loto-quebec.com
707918204123,BILLING,Courtageinfo@loto-quebec.com
707918204123,SECURITY,LQ-PIA@loto-quebec.com
719886070513,BILLING,Courtageinfo@loto-quebec.com
719886070513,SECURITY,SUPPINTERGICIEL@loto-quebec.com
719886070513,OPERATIONS,SUPPINTERGICIEL@loto-quebec.com
719886070513,SECURITY,SUPPINTERGICIEL@loto-quebec.com
719886070513,OPERATIONS,SUPPINTERGICIEL@loto-quebec.com
719886070513,BILLING,Courtageinfo@loto-quebec.com
739049840422,BILLING,Courtageinfo@loto-quebec.com
739049840422,OPERATIONS,LQ-SupportReseau-Operations@loto-quebec.com
739049840422,SECURITY,LQ-SupportReseau-Operations@loto-quebec.com
740386697789,BILLING,Courtageinfo@loto-quebec.com
740386697789,SECURITY,LQ-PIA@loto-quebec.com
740386697789,OPERATIONS,LQ-PIA@loto-quebec.com
775690092339,OPERATIONS,LQ-PIA@loto-quebec.com
775690092339,BILLING,Courtageinfo@loto-quebec.com
775690092339,SECURITY,LQ-PIA@loto-quebec.com
785618385023,SECURITY,COI@loto-quebec.com
785618385023,BILLING,Courtageinfo@loto-quebec.com
785618385023,OPERATIONS,COI@loto-quebec.com
803495970473,BILLING,Courtageinfo@loto-quebec.com
803495970473,OPERATIONS,LQ-SupportReseau-Operations@loto-quebec.com
803495970473,SECURITY,LQ-SupportReseau-Operations@loto-quebec.com
837071763862,BILLING,Courtageinfo@loto-quebec.com
837071763862,OPERATIONS,LQ-PIA@loto-quebec.com
837071763862,SECURITY,LQ-PIA@loto-quebec.com
854875095626,SECURITY,LQ-PIA@loto-quebec.com
854875095626,BILLING,Courtageinfo@loto-quebec.com
854875095626,OPERATIONS,LQ-PIA@loto-quebec.com
899825857648,BILLING,Courtageinfo@loto-quebec.com
899825857648,OPERATIONS,LQ-PIA@loto-quebec.com
899825857648,SECURITY,LQ-PIA@loto-quebec.com
919961117148,OPERATIONS,COI@loto-quebec.com
919961117148,BILLING,Courtageinfo@loto-quebec.com
919961117148,SECURITY,COI@loto-quebec.com
962937838103,OPERATIONS,LQ-SupportReseau-Operations@loto-quebec.com
962937838103,SECURITY,LQ-SupportReseau-Operations@loto-quebec.com
962937838103,BILLING,Courtageinfo@loto-quebec.com
968307063865,SECURITY,LQ-SupportReseau-Operations@loto-quebec.com
968307063865,BILLING,Courtageinfo@loto-quebec.com
968307063865,OPERATIONS,LQ-SupportReseau-Operations@loto-quebec.com
986666168054,BILLING,Courtageinfo@loto-quebec.com
986666168054,SECURITY,LQ-PIA@loto-quebec.com
986666168054,OPERATIONS,LQ-PIA@loto-quebec.com
988577659003,SECURITY,LQ-SupportReseau-Operations@loto-quebec.com
988577659003,BILLING,Courtageinfo@loto-quebec.com
988577659003,OPERATIONS,LQ-SupportReseau-Operations@loto-quebec.com
